tx_id,customer_id,product_id,tx_date,qty,price
T00001,C001,P002,9/14/2025,2,1
T00002,C001,P002,9/10/2025,2,1
T00003,C001,P012,9/4/2025,2,1
T00004,C001,P012,9/3/2025,2,1
T00005,C001,P013,9/16/2025,1,1
T00006,C002,P007,8/27/2025,1,1
T00007,C002,P009,9/18/2025,2,1
T00008,C002,P013,9/14/2025,2,1
T00009,C002,P010,9/10/2025,1,1
T00010,C002,P011,9/3/2025,1,1
T00011,C002,P015,9/15/2025,1,1
T00012,C002,P011,9/7/2025,2,1
T00013,C002,P003,9/4/2025,1,1
T00014,C003,P007,8/23/2025,1,1
T00015,C003,P006,9/7/2025,1,1
T00016,C003,P012,8/26/2025,1,1
T00017,C003,P002,9/13/2025,2,1
T00018,C003,P005,9/11/2025,1,1
T00019,C003,P011,9/18/2025,2,1
T00020,C003,P003,9/13/2025,2,1
T00021,C003,P011,9/1/2025,1,1
T00022,C003,P012,9/20/2025,2,1
T00023,C004,P012,9/16/2025,2,1
T00024,C004,P008,9/2/2025,2,1
T00025,C004,P012,9/17/2025,2,1
T00026,C004,P008,8/30/2025,2,1
T00027,C004,P003,8/29/2025,1,1
T00028,C004,P007,9/11/2025,2,1
T00029,C004,P008,9/10/2025,2,1
T00030,C004,P002,8/26/2025,2,1
T00031,C004,P010,9/15/2025,2,1
T00032,C004,P002,8/27/2025,2,1
T00033,C004,P005,9/15/2025,2,1
T00034,C004,P006,8/22/2025,1,1
T00035,C004,P004,9/14/2025,1,1
T00036,C005,P012,9/16/2025,2,1
T00037,C005,P007,8/23/2025,1,1
T00038,C005,P013,8/29/2025,1,1
T00039,C005,P006,9/15/2025,1,1
T00040,C005,P002,8/23/2025,2,1
T00041,C005,P011,9/16/2025,1,1
T00042,C005,P003,8/30/2025,2,1
T00043,C005,P015,9/18/2025,1,1
T00044,C005,P011,8/30/2025,1,1
T00045,C005,P003,9/4/2025,1,1
T00046,C005,P005,9/10/2025,2,1
T00047,C005,P010,8/25/2025,1,1
T00048,C005,P002,9/7/2025,1,1
T00049,C005,P006,9/6/2025,2,1
T00050,C006,P002,9/5/2025,1,1
T00051,C006,P014,9/11/2025,1,1
T00052,C006,P011,9/4/2025,1,1
T00053,C006,P005,8/29/2025,2,1
T00054,C006,P009,9/13/2025,1,1
T00055,C006,P013,9/20/2025,1,1
T00056,C006,P008,8/29/2025,2,1
T00057,C006,P007,9/14/2025,1,1
T00058,C006,P003,8/29/2025,2,1
T00059,C006,P010,9/12/2025,2,1
T00060,C006,P012,9/14/2025,1,1
T00061,C006,P001,9/4/2025,1,1
T00062,C006,P003,9/13/2025,1,1
T00063,C006,P003,8/30/2025,2,1
T00064,C007,P009,9/8/2025,1,1
T00065,C007,P010,9/14/2025,2,1
T00066,C007,P001,8/27/2025,1,1
T00067,C007,P007,8/30/2025,1,1
T00068,C007,P012,9/18/2025,1,1
T00069,C007,P005,9/20/2025,1,1
T00070,C008,P005,9/4/2025,2,1
T00071,C008,P013,9/19/2025,1,1
T00072,C008,P001,8/26/2025,1,1
T00073,C008,P001,9/8/2025,2,1
T00074,C008,P003,9/7/2025,1,1
T00075,C008,P005,9/5/2025,1,1
T00076,C008,P011,9/15/2025,1,1
T00077,C008,P004,8/30/2025,2,1
T00078,C008,P011,9/19/2025,2,1
T00079,C009,P009,8/25/2025,2,1
T00080,C009,P005,9/9/2025,2,1
T00081,C009,P013,9/18/2025,2,1
T00082,C009,P004,9/20/2025,2,1
T00083,C009,P005,8/28/2025,2,1
T00084,C009,P014,8/29/2025,1,1
T00085,C009,P015,8/23/2025,1,1
T00086,C009,P008,8/26/2025,1,1
T00087,C010,P014,9/20/2025,1,1
T00088,C010,P008,9/20/2025,1,1
T00089,C010,P012,8/26/2025,1,1
T00090,C010,P007,9/17/2025,1,1
T00091,C010,P002,8/24/2025,2,1
T00092,C010,P006,9/13/2025,1,1
T00093,C010,P015,9/16/2025,2,1
T00094,C010,P001,9/17/2025,1,1
T00095,C010,P013,8/28/2025,2,1
T00096,C011,P019,9/1/2025,1,1
T00097,C011,P022,9/1/2025,5,1
T00098,C011,P018,9/2/2025,1,1
T00099,C012,P006,9/1/2025,1,1
T00100,C012,P009,9/3/2025,3,1
T00101,C013,P017,9/2/2025,1,1
T00102,C013,P023,9/5/2025,1,1
T00103,C014,P011,9/3/2025,2,1
T00104,C014,P010,9/4/2025,4,1
T00105,C015,P003,9/5/2025,1,1
T00106,C015,P002,9/6/2025,1,1
T00107,C016,P001,9/6/2025,1,1
T00108,C016,P020,9/7/2025,1,1
T00109,C017,P019,9/8/2025,1,1
T00110,C017,P018,9/10/2025,1,1
T00111,C018,P004,9/10/2025,1,1
T00112,C018,P015,9/12/2025,1,1
T00113,C019,P025,9/11/2025,2,1
T00114,C019,P013,9/13/2025,1,1
T00115,C020,P011,9/14/2025,1,1
T00116,C020,P022,9/15/2025,6,1
T00117,C021,P007,9/16/2025,1,1
T00118,C021,P012,9/17/2025,1,1
T00119,C022,P016,9/18/2025,1,1
T00120,C022,P023,9/19/2025,2,1
T00121,C023,P014,9/20/2025,5,1
T00122,C023,P018,9/20/2025,1,1
T00123,C024,P008,9/21/2025,1,1
T00124,C024,P009,9/22/2025,4,1
T00125,C025,P017,9/23/2025,1,1
T00126,C025,P020,9/24/2025,1,1
T00127,C011,P019,9/3/2025,1,1
T00128,C011,P022,9/5/2025,4,1
T00129,C012,P002,9/4/2025,1,1
T00130,C012,P024,9/7/2025,1,1
T00131,C013,P025,9/8/2025,1,1
T00132,C014,P011,9/7/2025,1,1
T00133,C014,P022,9/8/2025,5,1
T00134,C015,P007,9/9/2025,1,1
T00135,C015,P012,9/10/2025,1,1
T00136,C016,P023,9/11/2025,1,1
T00137,C016,P001,9/12/2025,1,1
T00138,C017,P010,9/13/2025,3,1
T00139,C017,P019,9/14/2025,1,1
T00140,C018,P005,9/15/2025,1,1
T00141,C018,P002,9/16/2025,1,1
T00142,C019,P016,9/17/2025,1,1
T00143,C019,P020,9/18/2025,1,1
T00144,C020,P014,9/19/2025,6,1
T00145,C020,P018,9/20/2025,1,1
T00146,C021,P004,9/21/2025,1,1
T00147,C021,P008,9/22/2025,1,1
T00148,C022,P017,9/23/2025,1,1
T00149,C022,P025,9/24/2025,1,1
T00150,C023,P011,9/25/2025,1,1
T00151,C023,P019,9/26/2025,1,1
T00152,C024,P015,9/27/2025,2,1
T00153,C024,P007,9/28/2025,1,1
T00154,C025,P023,9/29/2025,1,1
T00155,C025,P016,9/30/2025,1,1
T00156,C026,P010,9/1/2025,5,1
T00157,C026,P011,9/2/2025,1,1
T00158,C027,P003,9/3/2025,1,1
T00159,C027,P006,9/4/2025,1,1
T00160,C028,P007,9/5/2025,1,1
T00161,C028,P017,9/6/2025,1,1
T00162,C029,P018,9/7/2025,1,1
T00163,C029,P019,9/8/2025,1,1
T00164,C030,P009,9/9/2025,5,1
T00165,C030,P013,9/10/2025,1,1
T00166,C031,P001,9/11/2025,1,1
T00167,C031,P020,9/12/2025,1,1
T00168,C032,P022,9/13/2025,7,1
T00169,C032,P014,9/14/2025,3,1
T00170,C033,P002,9/15/2025,1,1
T00171,C033,P005,9/16/2025,1,1
T00172,C034,P025,9/17/2025,1,1
T00173,C034,P016,9/18/2025,1,1
T00174,C035,P011,9/19/2025,1,1
T00175,C035,P010,9/20/2025,4,1
T00176,C036,P004,9/21/2025,1,1
T00177,C036,P008,9/22/2025,1,1
T00178,C037,P023,9/23/2025,1,1
T00179,C037,P017,9/24/2025,1,1
T00180,C038,P019,9/25/2025,1,1
T00181,C038,P018,9/26/2025,1,1
T00182,C039,P006,9/27/2025,1,1
T00183,C039,P015,9/28/2025,2,1
T00184,C040,P001,9/29/2025,1,1
T00185,C040,P025,9/30/2025,1,1
T00186,C011,P010,9/4/2025,5,1
T00187,C011,P011,9/5/2025,1,1
T00188,C012,P002,9/6/2025,1,1
T00189,C012,P007,9/8/2025,1,1
T00190,C013,P023,9/9/2025,1,1
T00191,C014,P019,9/10/2025,1,1
T00192,C014,P018,9/11/2025,1,1
T00193,C015,P012,9/12/2025,1,1
T00194,C015,P004,9/13/2025,1,1
T00195,C016,P020,9/14/2025,1,1
T00196,C016,P016,9/15/2025,1,1
T00197,C017,P022,9/16/2025,7,1
T00198,C017,P014,9/17/2025,3,1
T00199,C018,P003,9/18/2025,1,1
T00200,C018,P006,9/19/2025,1,1
T00201,C019,P017,9/20/2025,1,1
T00202,C019,P025,9/21/2025,1,1
T00203,C020,P010,9/22/2025,5,1
T00204,C020,P011,9/23/2025,1,1
T00205,C021,P009,9/24/2025,6,1
T00206,C021,P013,9/25/2025,1,1
T00207,C022,P007,9/26/2025,1,1
T00208,C022,P001,9/27/2025,1,1
T00209,C023,P018,9/28/2025,1,1
T00210,C023,P019,9/29/2025,1,1
T00211,C024,P002,9/30/2025,1,1
T00212,C024,P005,10/1/2025,1,1
T00213,C025,P020,10/2/2025,1,1
T00214,C025,P023,10/3/2025,1,1
T00215,C026,P022,10/4/2025,8,1
T00216,C026,P014,10/5/2025,4,1
T00217,C027,P004,10/6/2025,1,1
T00218,C027,P015,10/7/2025,2,1
T00219,C028,P016,10/8/2025,1,1
T00220,C028,P025,10/9/2025,1,1
T00221,C029,P010,10/10/2025,6,1
T00222,C029,P011,10/11/2025,1,1
T00223,C030,P008,10/12/2025,1,1
T00224,C030,P007,10/13/2025,1,1
T00225,C031,P017,10/14/2025,1,1
T00226,C031,P023,10/15/2025,1,1
T00227,C032,P019,10/16/2025,1,1
T00228,C032,P018,10/17/2025,1,1
T00229,C033,P003,10/18/2025,1,1
T00230,C033,P006,10/19/2025,1,1
T00231,C034,P001,10/20/2025,1,1
T00232,C034,P020,10/21/2025,1,1
T00233,C035,P022,10/22/2025,5,1
T00234,C035,P014,10/23/2025,3,1
T00235,C036,P012,10/24/2025,1,1
T00236,C036,P009,10/25/2025,3,1
T00237,C037,P025,10/26/2025,2,1
T00238,C037,P016,10/27/2025,1,1
T00239,C038,P010,10/28/2025,4,1
T00240,C038,P011,10/29/2025,1,1
T00241,C039,P002,10/30/2025,1,1
T00242,C039,P004,10/31/2025,1,1
T00243,C040,P017,11/1/2025,1,1
T00244,C040,P023,11/2/2025,1,1
T00245,C041,P019,9/1/2025,1,1
T00246,C041,P022,9/1/2025,4,1
T00247,C042,P007,9/2/2025,1,1
T00248,C042,P012,9/3/2025,1,1
T00249,C043,P001,9/4/2025,1,1
T00250,C043,P020,9/5/2025,1,1
T00251,C044,P010,9/6/2025,6,1
T00252,C044,P018,9/7/2025,1,1
T00253,C045,P006,9/8/2025,1,1
T00254,C045,P008,9/9/2025,1,1
T00255,C046,P016,9/10/2025,1,1
T00256,C046,P025,9/11/2025,1,1
T00257,C047,P014,9/12/2025,5,1
T00258,C047,P011,9/13/2025,1,1
T00259,C048,P003,9/14/2025,1,1
T00260,C048,P015,9/15/2025,1,1
T00261,C049,P023,9/16/2025,1,1
T00262,C049,P017,9/17/2025,1,1
T00263,C050,P019,9/18/2025,1,1
T00264,C050,P022,9/19/2025,7,1
T00265,C051,P004,9/20/2025,1,1
T00266,C051,P005,9/21/2025,1,1
T00267,C052,P007,9/22/2025,1,1
T00268,C052,P020,9/23/2025,1,1
T00269,C053,P011,9/24/2025,1,1
T00270,C053,P018,9/25/2025,1,1
T00271,C054,P009,9/26/2025,4,1
T00272,C054,P013,9/27/2025,1,1
T00273,C055,P001,9/28/2025,1,1
T00274,C055,P025,9/29/2025,1,1
T00275,C056,P010,9/30/2025,5,1
T00276,C056,P019,10/1/2025,1,1
T00277,C057,P002,10/2/2025,1,1
T00278,C057,P015,10/3/2025,1,1
T00279,C058,P016,10/4/2025,1,1
T00280,C058,P023,10/5/2025,1,1
T00281,C059,P014,10/6/2025,3,1
T00282,C059,P022,10/7/2025,5,1
T00283,C060,P006,10/8/2025,1,1
T00284,C060,P004,10/9/2025,1,1
T00285,C061,P017,10/10/2025,1,1
T00286,C061,P007,10/11/2025,1,1
T00287,C062,P011,10/12/2025,1,1
T00288,C062,P018,10/13/2025,1,1
T00289,C063,P008,10/14/2025,1,1
T00290,C063,P012,10/15/2025,1,1
T00291,C064,P020,10/16/2025,1,1
T00292,C064,P025,10/17/2025,1,1
T00293,C065,P010,10/18/2025,4,1
T00294,C065,P019,10/19/2025,1,1
T00295,C066,P003,10/20/2025,1,1
T00296,C066,P009,10/21/2025,3,1
T00297,C067,P001,10/22/2025,1,1
T00298,C067,P023,10/23/2025,2,1
T00299,C068,P014,10/24/2025,5,1
T00300,C068,P011,10/25/2025,1,1
T00301,C069,P013,10/26/2025,1,1
T00302,C069,P005,10/27/2025,1,1
T00303,C070,P016,10/28/2025,1,1
T00304,C070,P017,10/29/2025,1,1
T00305,C071,P018,10/30/2025,1,1
T00306,C071,P022,10/31/2025,6,1
T00307,C072,P002,11/1/2025,1,1
T00308,C072,P008,11/2/2025,1,1
T00309,C073,P025,11/3/2025,1,1
T00310,C073,P020,11/4/2025,1,1
T00311,C074,P019,11/5/2025,1,1
T00312,C074,P010,11/6/2025,4,1
T00313,C075,P006,11/7/2025,1,1
T00314,C075,P004,11/8/2025,1,1
T00315,C076,P007,11/9/2025,1,1
T00316,C076,P001,11/10/2025,1,1
T00317,C011,P018,9/6/2025,1,1
T00318,C011,P022,9/7/2025,5,1
T00319,C012,P013,9/9/2025,1,1
T00320,C012,P009,9/11/2025,2,1
T00321,C013,P020,9/12/2025,1,1
T00322,C014,P014,9/13/2025,4,1
T00323,C014,P019,9/14/2025,1,1
T00324,C015,P005,9/15/2025,1,1
T00325,C015,P015,9/17/2025,1,1
T00326,C016,P017,9/18/2025,1,1
T00327,C016,P025,9/19/2025,1,1
T00328,C017,P010,9/20/2025,6,1
T00329,C017,P011,9/21/2025,1,1
T00330,C018,P008,9/22/2025,1,1
T00331,C018,P012,9/23/2025,1,1
T00332,C019,P001,9/24/2025,1,1
T00333,C019,P023,9/25/2025,1,1
T00334,C020,P018,9/26/2025,2,1
T00335,C020,P022,9/27/2025,5,1
T00336,C021,P006,9/28/2025,1,1
T00337,C021,P003,9/29/2025,1,1
T00338,C022,P016,9/30/2025,1,1
T00339,C022,P020,10/1/2025,1,1
T00340,C023,P010,10/2/2025,5,1
T00341,C023,P014,10/3/2025,3,1
T00342,C024,P002,10/4/2025,1,1
T00343,C024,P004,10/5/2025,1,1
T00344,C025,P013,10/6/2025,1,1
T00345,C025,P007,10/7/2025,1,1
T00346,C026,P019,10/8/2025,1,1
T00347,C026,P011,10/9/2025,1,1
T00348,C027,P009,10/10/2025,4,1
T00349,C027,P005,10/11/2025,1,1
T00350,C028,P001,10/12/2025,1,1
T00351,C028,P023,10/13/2025,1,1
T00352,C029,P022,10/14/2025,7,1
T00353,C029,P010,10/15/2025,4,1
T00354,C030,P015,10/16/2025,1,1
T00355,C030,P002,10/17/2025,1,1
T00356,C031,P025,10/18/2025,1,1
T00357,C031,P016,10/19/2025,1,1
T00358,C032,P018,10/20/2025,1,1
T00359,C032,P014,10/21/2025,3,1
T00360,C033,P004,10/22/2025,1,1
T00361,C033,P007,10/23/2025,1,1
T00362,C034,P017,10/24/2025,1,1
T00363,C034,P020,10/25/2025,1,1
T00364,C035,P019,10/26/2025,1,1
T00365,C035,P011,10/27/2025,1,1
T00366,C036,P006,10/28/2025,1,1
T00367,C036,P008,10/29/2025,1,1
T00368,C037,P007,10/30/2025,1,1
T00369,C037,P013,10/31/2025,1,1
T00370,C038,P022,11/1/2025,6,1
T00371,C038,P010,11/2/2025,5,1
T00372,C039,P003,11/3/2025,1,1
T00373,C039,P012,11/4/2025,1,1
T00374,C040,P023,11/5/2025,1,1
T00375,C040,P001,11/6/2025,1,1
T00376,C041,P018,9/3/2025,1,1
T00377,C041,P011,9/4/2025,1,1
T00378,C042,P005,9/5/2025,1,1
T00379,C042,P009,9/6/2025,3,1
T00380,C043,P016,9/7/2025,1,1
T00381,C044,P022,9/8/2025,7,1
T00382,C044,P014,9/9/2025,3,1
T00383,C045,P015,9/10/2025,1,1
T00384,C045,P002,9/11/2025,1,1
T00385,C046,P017,9/12/2025,1,1
T00386,C046,P023,9/13/2025,1,1
T00387,C047,P019,9/14/2025,1,1
T00388,C047,P010,9/15/2025,4,1
T00389,C048,P004,9/16/2025,1,1
T00390,C048,P006,9/17/2025,1,1
T00391,C049,P020,9/18/2025,1,1
T00392,C049,P025,9/19/2025,1,1
T00393,C050,P011,9/20/2025,1,1
T00394,C050,P018,9/21/2025,1,1
T00395,C051,P013,9/22/2025,1,1
T00396,C051,P007,9/23/2025,1,1
T00397,C052,P001,9/24/2025,1,1
T00398,C052,P016,9/25/2025,1,1
T00399,C053,P022,9/26/2025,5,1
T00400,C053,P014,9/27/2025,3,1
T00401,C054,P002,9/28/2025,1,1
T00402,C054,P008,9/29/2025,1,1
T00403,C055,P017,9/30/2025,1,1
T00404,C055,P023,10/1/2025,1,1
T00405,C056,P019,10/2/2025,1,1
T00406,C056,P010,10/3/2025,4,1
T00407,C057,P003,10/4/2025,1,1
T00408,C057,P012,10/5/2025,1,1
T00409,C058,P020,10/6/2025,1,1
T00410,C058,P025,10/7/2025,1,1
T00411,C059,P018,10/8/2025,1,1
T00412,C059,P011,10/9/2025,1,1
T00413,C060,P009,10/10/2025,5,1
T00414,C060,P005,10/11/2025,1,1
T00415,C061,P001,10/12/2025,1,1
T00416,C061,P023,10/13/2025,1,1
T00417,C062,P022,10/14/2025,6,1
T00418,C062,P010,10/15/2025,5,1
T00419,C063,P006,10/16/2025,1,1
T00420,C063,P004,10/17/2025,1,1
T00421,C064,P016,10/18/2025,1,1
T00422,C064,P007,10/19/2025,1,1
T00423,C065,P014,10/20/2025,3,1
T00424,C065,P019,10/21/2025,1,1
T00425,C066,P015,10/22/2025,1,1
T00426,C066,P008,10/23/2025,1,1
T00427,C067,P017,10/24/2025,1,1
T00428,C067,P020,10/25/2025,1,1
T00429,C068,P011,10/26/2025,1,1
T00430,C068,P018,10/27/2025,1,1
T00431,C069,P002,10/28/2025,1,1
T00432,C069,P013,10/29/2025,1,1
T00433,C070,P025,10/30/2025,1,1
T00434,C070,P001,10/31/2025,1,1
T00435,C071,P010,11/1/2025,4,1
T00436,C071,P019,11/2/2025,1,1
T00437,C072,P007,11/3/2025,1,1
T00438,C072,P003,11/4/2025,1,1
T00439,C073,P023,11/5/2025,1,1
T00440,C073,P016,11/6/2025,1,1
T00441,C074,P022,11/7/2025,5,1
T00442,C074,P014,11/8/2025,3,1
T00443,C075,P012,11/9/2025,1,1
T00444,C075,P009,11/10/2025,2,1
T00445,C076,P020,11/11/2025,1,1
T00446,C076,P017,11/12/2025,1,1
T00447,C077,P019,9/1/2025,1,1
T00448,C077,P018,9/2/2025,1,1
T00449,C078,P008,9/3/2025,1,1
T00450,C078,P015,9/4/2025,1,1
T00451,C079,P023,9/5/2025,1,1
T00452,C079,P025,9/6/2025,1,1
T00453,C080,P011,9/7/2025,1,1
T00454,C080,P022,9/8/2025,6,1
T00455,C081,P004,9/9/2025,1,1
T00456,C081,P007,9/10/2025,1,1
T00457,C082,P001,9/11/2025,1,1
T00458,C082,P017,9/12/2025,1,1
T00459,C083,P010,9/13/2025,4,1
T00460,C083,P014,9/14/2025,3,1
T00461,C084,P003,9/15/2025,1,1
T00462,C084,P006,9/16/2025,1,1
T00463,C085,P016,9/17/2025,1,1
T00464,C085,P020,9/18/2025,1,1
T00465,C086,P019,9/19/2025,1,1
T00466,C086,P018,9/20/2025,1,1
T00467,C087,P012,9/21/2025,1,1
T00468,C087,P009,9/22/2025,3,1
T00469,C088,P025,9/23/2025,1,1
T00470,C088,P007,9/24/2025,1,1
T00471,C089,P010,9/25/2025,5,1
T00472,C089,P011,9/26/2025,1,1
T00473,C090,P002,9/27/2025,1,1
T00474,C090,P013,9/28/2025,1,1
T00475,C091,P023,9/29/2025,1,1
T00476,C091,P001,9/30/2025,1,1
T00477,C092,P022,10/1/2025,7,1
T00478,C092,P014,10/2/2025,3,1
T00479,C093,P008,10/3/2025,1,1
T00480,C093,P005,10/4/2025,1,1
T00481,C094,P017,10/5/2025,1,1
T00482,C094,P016,10/6/2025,1,1
T00483,C095,P019,10/7/2025,1,1
T00484,C095,P011,10/8/2025,1,1
T00485,C096,P004,10/9/2025,1,1
T00486,C096,P006,10/10/2025,1,1
T00487,C097,P020,10/11/2025,1,1
T00488,C097,P025,10/12/2025,2,1
T00489,C098,P010,10/13/2025,4,1
T00490,C098,P018,10/14/2025,1,1
T00491,C099,P015,10/15/2025,1,1
T00492,C099,P003,10/16/2025,1,1
T00493,C100,P007,10/17/2025,1,1
T00494,C100,P023,10/18/2025,1,1
T00495,C077,P022,9/4/2025,5,1
T00496,C077,P010,9/5/2025,4,1
T00497,C078,P009,9/6/2025,3,1
T00498,C078,P002,9/7/2025,1,1
T00499,C079,P016,9/8/2025,1,1
T00500,C079,P001,9/9/2025,1,1
T00501,C080,P019,9/10/2025,1,1
T00502,C080,P011,9/11/2025,1,1
T00503,C081,P013,9/12/2025,1,1
T00504,C081,P005,9/13/2025,1,1
T00505,C082,P020,9/14/2025,1,1
T00506,C082,P025,9/15/2025,1,1
T00507,C083,P018,9/16/2025,1,1
T00508,C083,P010,9/17/2025,5,1
T00509,C084,P004,9/18/2025,1,1
T00510,C084,P008,9/19/2025,1,1
T00511,C085,P017,9/20/2025,1,1
T00512,C085,P023,9/21/2025,1,1
T00513,C086,P014,9/22/2025,3,1
T00514,C086,P022,9/23/2025,6,1
T00515,C087,P006,9/24/2025,1,1
T00516,C087,P015,9/25/2025,1,1
T00517,C088,P001,9/26/2025,1,1
T00518,C088,P020,9/27/2025,1,1
T00519,C089,P019,9/28/2025,1,1
T00520,C089,P018,9/29/2025,1,1
T00521,C090,P007,9/30/2025,1,1
T00522,C090,P012,10/1/2025,1,1
T00523,C091,P025,10/2/2025,1,1
T00524,C091,P016,10/3/2025,1,1
T00525,C092,P010,10/4/2025,4,1
T00526,C092,P011,10/5/2025,1,1
T00527,C093,P002,10/6/2025,1,1
T00528,C093,P004,10/7/2025,1,1
T00529,C094,P023,10/8/2025,1,1
T00530,C094,P007,10/9/2025,1,1
T00531,C095,P022,10/10/2025,7,1
T00532,C095,P014,10/11/2025,3,1
T00533,C096,P003,10/12/2025,1,1
T00534,C096,P009,10/13/2025,2,1
T00535,C097,P017,10/14/2025,1,1
T00536,C097,P001,10/15/2025,1,1
T00537,C098,P019,10/16/2025,1,1
T00538,C098,P011,10/17/2025,1,1
T00539,C099,P006,10/18/2025,1,1
T00540,C099,P013,10/19/2025,1,1
T00541,C100,P020,10/20/2025,1,1
T00542,C100,P025,10/21/2025,1,1
T00543,T00543,P018,9/1/2025,1,1
T00544,T00544,P019,9/2/2025,1,1
T00545,T00545,P006,9/3/2025,1,1
T00546,T00546,P012,9/4/2025,1,1
T00547,T00547,P017,9/5/2025,1,1
T00548,T00548,P007,9/6/2025,1,1
T00549,T00549,P010,9/7/2025,5,1
T00550,T00550,P011,9/8/2025,1,1
T00551,T00551,P004,9/9/2025,1,1
T00552,T00552,P009,9/10/2025,3,1
T00553,T00553,P001,9/11/2025,1,1
T00554,T00554,P020,9/12/2025,1,1
T00555,T00555,P014,9/13/2025,4,1
T00556,T00556,P022,9/14/2025,6,1
T00557,T00557,P003,9/15/2025,1,1
T00558,T00558,P015,9/16/2025,1,1
T00559,T00559,P023,9/17/2025,1,1
T00560,T00560,P016,9/18/2025,1,1
T00561,T00561,P019,9/19/2025,1,1
T00562,T00562,P018,9/20/2025,1,1
T00563,T00563,P002,9/21/2025,1,1
T00564,T00564,P008,9/22/2025,1,1
T00565,T00565,P025,9/23/2025,1,1
T00566,T00566,P017,9/24/2025,1,1
T00567,T00567,P010,9/25/2025,5,1
T00568,T00568,P022,9/26/2025,7,1
T00569,T00569,P013,9/27/2025,1,1
T00570,T00570,P007,9/28/2025,1,1
T00571,T00571,P001,9/29/2025,1,1
T00572,T00572,P023,9/30/2025,1,1
T00573,T00573,P011,10/1/2025,1,1
T00574,T00574,P014,10/2/2025,3,1
T00575,T00575,P006,10/3/2025,1,1
T00576,T00576,P004,10/4/2025,1,1
T00577,T00577,P020,10/5/2025,1,1
T00578,T00578,P016,10/6/2025,1,1
T00579,T00579,P019,10/7/2025,1,1
T00580,T00580,P010,10/8/2025,4,1
T00581,T00581,P009,10/9/2025,4,1
T00582,T00582,P005,10/10/2025,1,1
T00583,T00583,P025,10/11/2025,1,1
T00584,T00584,P017,10/12/2025,1,1
T00585,T00585,P018,10/13/2025,1,1
T00586,T00586,P022,10/14/2025,5,1
T00587,T00587,P003,10/15/2025,1,1
T00588,T00588,P002,10/16/2025,1,1
T00589,T00589,P007,10/17/2025,1,1
T00590,T00590,P001,10/18/2025,1,1
T00591,T00591,P010,10/19/2025,5,1
T00592,T00592,P011,10/20/2025,1,1
T00593,T00593,P008,10/21/2025,1,1
T00594,T00594,P013,10/22/2025,1,1
T00595,T00595,P023,10/23/2025,1,1
T00596,T00596,P020,10/24/2025,1,1
T00597,T00597,P014,10/25/2025,3,1
T00598,T00598,P019,10/26/2025,1,1
T00599,T00599,P012,10/27/2025,1,1
T00600,T00600,P015,10/28/2025,1,1
T00601,T00601,P016,10/29/2025,1,1
T00602,T00602,P025,10/30/2025,1,1
T00603,T00603,P018,10/31/2025,1,1
T00604,T00604,P022,11/1/2025,6,1
T00605,T00605,P004,11/2/2025,1,1
T00606,T00606,P006,11/3/2025,1,1
T00607,T00607,P017,11/4/2025,1,1
T00608,T00608,P007,11/5/2025,1,1
T00609,T00609,P010,11/6/2025,4,1
T00610,T00610,P011,11/7/2025,1,1
T00611,T00611,P003,11/8/2025,1,1
T00612,T00612,P009,11/9/2025,3,1
T00613,T00613,P001,11/10/2025,1,1
T00614,T00614,P023,11/11/2025,1,1
T00615,T00615,P014,11/12/2025,3,1
T00616,T00616,P019,11/13/2025,1,1
T00617,T00617,P002,11/14/2025,1,1
T00618,T00618,P013,11/15/2025,1,1
T00619,T00619,P020,11/16/2025,1,1
T00620,T00620,P025,11/17/2025,1,1
T00621,T00621,P011,9/2/2025,1,1
T00622,T00622,P010,9/3/2025,5,1
T00623,T00623,P005,9/4/2025,1,1
T00624,T00624,P007,9/5/2025,1,1
T00625,T00625,P016,9/6/2025,1,1
T00626,T00626,P017,9/7/2025,1,1
T00627,T00627,P018,9/8/2025,1,1
T00628,T00628,P019,9/9/2025,1,1
T00629,T00629,P006,9/10/2025,1,1
T00630,T00630,P004,9/11/2025,1,1
T00631,T00631,P023,9/12/2025,1,1
T00632,T00632,P001,9/13/2025,1,1
T00633,T00633,P022,9/14/2025,6,1
T00634,T00634,P014,9/15/2025,3,1
T00635,T00635,P009,9/16/2025,3,1
T00636,T00636,P008,9/17/2025,1,1
T00637,T00637,P020,9/18/2025,1,1
T00638,T00638,P025,9/19/2025,1,1
T00639,T00639,P011,9/20/2025,1,1
T00640,T00640,P010,9/21/2025,4,1
T00641,T00641,P002,9/22/2025,1,1
T00642,T00642,P013,9/23/2025,1,1
T00643,T00643,P017,9/24/2025,1,1
T00644,T00644,P023,9/25/2025,1,1
T00645,T00645,P019,9/26/2025,1,1
T00646,T00646,P018,9/27/2025,1,1
T00647,T00647,P003,9/28/2025,1,1
T00648,T00648,P015,9/29/2025,1,1
T00649,T00649,P001,9/30/2025,1,1
T00650,T00650,P020,10/1/2025,1,1
T00651,T00651,P022,10/2/2025,5,1
T00652,T00652,P010,10/3/2025,4,1
T00653,T00653,P004,10/4/2025,1,1
T00654,T00654,P006,10/5/2025,1,1
T00655,T00655,P025,10/6/2025,1,1
T00656,T00656,P016,10/7/2025,1,1
T00657,T00657,P014,10/8/2025,3,1
T00658,T00658,P011,10/9/2025,1,1
T00659,T00659,P007,10/10/2025,1,1
T00660,T00660,P012,10/11/2025,1,1
T00661,T00661,P023,10/12/2025,1,1
T00662,T00662,P017,10/13/2025,1,1
T00663,T00663,P018,10/14/2025,1,1
T00664,T00664,P019,10/15/2025,1,1
T00665,T00665,P009,10/16/2025,2,1
T00666,T00666,P008,10/17/2025,1,1
T00667,T00667,P001,10/18/2025,1,1
T00668,T00668,P020,10/19/2025,1,1
T00669,T00669,P010,10/20/2025,5,1
T00670,T00670,P022,10/21/2025,7,1
T00671,T00671,P003,10/22/2025,1,1
T00672,T00672,P002,10/23/2025,1,1
T00673,T00673,P025,10/24/2025,1,1
T00674,T00674,P013,10/25/2025,1,1
T00675,T00675,P011,10/26/2025,1,1
T00676,T00676,P014,10/27/2025,3,1
T00677,T00677,P005,10/28/2025,1,1
T00678,T00678,P015,10/29/2025,1,1
T00679,T00679,P016,10/30/2025,1,1
T00680,T00680,P023,10/31/2025,1,1
T00681,T00681,P018,11/1/2025,1,1
T00682,T00682,P019,11/2/2025,1,1
T00683,T00683,P006,11/3/2025,1,1
T00684,T00684,P004,11/4/2025,1,1
T00685,T00685,P017,11/5/2025,1,1
T00686,T00686,P007,11/6/2025,1,1
T00687,T00687,P010,11/7/2025,4,1
T00688,T00688,P022,11/8/2025,6,1
T00689,T00689,P012,11/9/2025,1,1
T00690,T00690,P009,11/10/2025,3,1
T00691,T00691,P001,11/11/2025,1,1
T00692,T00692,P020,11/12/2025,1,1
T00693,T00693,P014,11/13/2025,3,1
T00694,T00694,P011,11/14/2025,1,1
T00695,T00695,P008,11/15/2025,1,1
T00696,T00696,P007,11/16/2025,1,1
T00697,T00697,P025,11/17/2025,1,1
T00698,T00698,P023,11/18/2025,1,1
T00699,T00699,P019,9/1/2025,1,1
T00700,T00700,P010,9/2/2025,4,1
T00701,T00701,P003,9/3/2025,1,1
T00702,T00702,P002,9/4/2025,1,1
T00703,T00703,P017,9/5/2025,1,1
T00704,T00704,P016,9/6/2025,1,1
T00705,T00705,P018,9/7/2025,1,1
T00706,T00706,P022,9/8/2025,5,1
T00707,T00707,P015,9/9/2025,1,1
T00708,T00708,P004,9/10/2025,1,1
T00709,T00709,P020,9/11/2025,1,1
T00710,T00710,P025,9/12/2025,1,1
T00711,T00711,P011,9/13/2025,1,1
T00712,T00712,P014,9/14/2025,3,1
T00713,T00713,P009,9/15/2025,4,1
T00714,T00714,P006,9/16/2025,1,1
T00715,T00715,P001,9/17/2025,1,1
T00716,T00716,P023,9/18/2025,1,1
T00717,T00717,P010,9/19/2025,5,1
T00718,T00718,P019,9/20/2025,1,1
T00719,T00719,P013,9/21/2025,1,1
T00720,T00720,P005,9/22/2025,1,1
T00721,T00721,P017,9/23/2025,1,1
T00722,T00722,P007,9/24/2025,1,1
T00723,T00723,P022,9/25/2025,6,1
T00724,T00724,P018,9/26/2025,1,1
T00725,T00725,P008,9/27/2025,1,1
T00726,T00726,P012,9/28/2025,1,1
T00727,T00727,P020,9/29/2025,1,1
T00728,T00728,P025,9/30/2025,1,1
T00729,T00729,P014,10/1/2025,4,1
T00730,T00730,P011,10/2/2025,1,1
T00731,T00731,P004,10/3/2025,1,1
T00732,T00732,P003,10/4/2025,1,1
T00733,T00733,P016,10/5/2025,1,1
T00734,T00734,P023,10/6/2025,1,1
T00735,T00735,P010,10/7/2025,5,1
T00736,T00736,P019,10/8/2025,1,1
T00737,T00737,P006,10/9/2025,1,1
T00738,T00738,P015,10/10/2025,1,1
T00739,T00739,P001,10/11/2025,1,1
T00740,T00740,P020,10/12/2025,1,1
T00741,T00741,P018,10/13/2025,1,1
T00742,T00742,P022,10/14/2025,6,1
T00743,T00743,P009,10/15/2025,3,1
T00744,T00744,P002,10/16/2025,1,1
T00745,T00745,P017,10/17/2025,1,1
T00746,T00746,P025,10/18/2025,1,1
T00747,T00747,P011,10/19/2025,1,1
T00748,T00748,P014,10/20/2025,3,1
T00749,T00749,P013,10/21/2025,1,1
T00750,T00750,P007,10/22/2025,1,1
T00751,T00751,P023,10/23/2025,1,1
T00752,T00752,P016,10/24/2025,1,1
T00753,T00753,P010,10/25/2025,4,1
T00754,T00754,P019,10/26/2025,1,1
T00755,T00755,P012,10/27/2025,1,1
T00756,T00756,P008,10/28/2025,1,1
T00757,T00757,P001,10/29/2025,1,1
T00758,T00758,P020,10/30/2025,1,1
T00759,T00759,P022,10/31/2025,5,1
T00760,T00760,P018,11/1/2025,1,1
T00761,T00761,P004,11/2/2025,1,1
T00762,T00762,P006,11/3/2025,1,1
T00763,T00763,P017,11/4/2025,1,1
T00764,T00764,P025,11/5/2025,1,1
T00765,T00765,P014,11/6/2025,3,1
T00766,T00766,P011,11/7/2025,1,1
T00767,T00767,P003,11/8/2025,1,1
T00768,T00768,P009,11/9/2025,2,1
T00769,T00769,P023,11/10/2025,1,1
T00770,T00770,P007,11/11/2025,1,1
T00771,T00771,P019,9/3/2025,1,1
T00772,T00772,P018,9/4/2025,1,1
T00773,T00773,P002,9/5/2025,1,1
T00774,T00774,P013,9/6/2025,1,1
T00775,T00775,P001,9/7/2025,1,1
T00776,T00776,P020,9/8/2025,1,1
T00777,T00777,P010,9/9/2025,4,1
T00778,T00778,P011,9/10/2025,1,1
T00779,T00779,P006,9/11/2025,1,1
T00780,T00780,P004,9/12/2025,1,1
T00781,T00781,P023,9/13/2025,1,1
T00782,T00782,P025,9/14/2025,1,1
T00783,T00783,P022,9/15/2025,5,1
T00784,T00784,P014,9/16/2025,3,1
T00785,T00785,P008,9/17/2025,1,1
T00786,T00786,P015,9/18/2025,1,1
T00787,T00787,P016,9/19/2025,1,1
T00788,T00788,P017,9/20/2025,1,1
T00789,T00789,P019,9/21/2025,1,1
T00790,T00790,P010,9/22/2025,5,1
T00791,T00791,P007,9/23/2025,1,1
T00792,T00792,P012,9/24/2025,1,1
T00793,T00793,P001,9/25/2025,1,1
T00794,T00794,P020,9/26/2025,1,1
T00795,T00795,P018,9/27/2025,1,1
T00796,T00796,P011,9/28/2025,1,1
T00797,T00797,P003,9/29/2025,1,1
T00798,T00798,P009,9/30/2025,3,1
T00799,T00799,P025,10/1/2025,1,1
T00800,T00800,P023,10/2/2025,1,1
T00801,T00801,P022,10/3/2025,6,1
T00802,T00802,P014,10/4/2025,3,1
T00803,T00803,P004,10/5/2025,1,1
T00804,T00804,P006,10/6/2025,1,1
T00805,T00805,P017,10/7/2025,1,1
T00806,T00806,P016,10/8/2025,1,1
T00807,T00807,P010,10/9/2025,4,1
T00808,T00808,P019,10/10/2025,1,1
T00809,T00809,P015,10/11/2025,1,1
T00810,T00810,P002,10/12/2025,1,1
T00811,T00811,P020,10/13/2025,1,1
T00812,T00812,P007,10/14/2025,1,1
T00813,T00813,P011,10/15/2025,1,1
T00814,T00814,P018,10/16/2025,1,1
T00815,T00815,P008,10/17/2025,1,1
T00816,T00816,P013,10/18/2025,1,1
T00817,T00817,P001,10/19/2025,1,1
T00818,T00818,P025,10/20/2025,1,1
T00819,T00819,P022,10/21/2025,5,1
T00820,T00820,P010,10/22/2025,4,1
T00821,T00821,P009,10/23/2025,4,1
T00822,T00822,P005,10/24/2025,1,1
T00823,T00823,P023,10/25/2025,1,1
T00824,T00824,P017,10/26/2025,1,1
T00825,T00825,P014,10/27/2025,3,1
T00826,T00826,P019,10/28/2025,1,1
T00827,T00827,P012,10/29/2025,1,1
T00828,T00828,P004,10/30/2025,1,1
T00829,T00829,P020,10/31/2025,1,1
T00830,T00830,P016,11/1/2025,1,1
T00831,T00831,P011,11/2/2025,1,1
T00832,T00832,P018,11/3/2025,1,1
T00833,T00833,P007,11/4/2025,1,1
T00834,T00834,P006,11/5/2025,1,1
T00835,T00835,P001,11/6/2025,1,1
T00836,T00836,P025,11/7/2025,1,1
T00837,T00837,P010,11/8/2025,5,1
T00838,T00838,P022,11/9/2025,7,1
T00839,T00839,P003,11/10/2025,1,1
T00840,T00840,P015,11/11/2025,1,1
T00841,T00841,P023,11/12/2025,1,1
T00842,T00842,P017,11/13/2025,1,1
T00843,T00843,P014,11/14/2025,3,1
T00844,T00844,P019,11/15/2025,1,1
T00845,T00845,P002,11/16/2025,1,1
T00846,T00846,P008,11/17/2025,1,1
T00847,T00847,P020,11/18/2025,1,1
T00848,T00848,P007,11/19/2025,1,1
T00849,T00849,P011,9/2/2025,1,1
T00850,T00850,P019,9/3/2025,1,1
T00851,T00851,P009,9/4/2025,4,1
T00852,T00852,P005,9/5/2025,1,1
T00853,T00853,P016,9/6/2025,1,1
T00854,T00854,P023,9/7/2025,1,1
T00855,T00855,P010,9/8/2025,5,1
T00856,T00856,P022,9/9/2025,6,1
T00857,T00857,P004,9/10/2025,1,1
T00858,T00858,P013,9/11/2025,1,1
T00859,T00859,P001,9/12/2025,1,1
T00860,T00860,P020,9/13/2025,1,1
T00861,T00861,P018,9/14/2025,1,1
T00862,T00862,P014,9/15/2025,3,1
T00863,T00863,P006,9/16/2025,1,1
T00864,T00864,P002,9/17/2025,1,1
T00865,T00865,P025,9/18/2025,1,1
T00866,T00866,P017,9/19/2025,1,1
T00867,T00867,P011,9/20/2025,1,1
T00868,T00868,P010,9/21/2025,4,1
T00869,T00869,P003,9/22/2025,1,1
T00870,T00870,P015,9/23/2025,1,1
T00871,C001,P016,9/24/2025,1,1
T00872,C001,P007,9/25/2025,1,1
T00873,C002,P019,9/26/2025,1,1
T00874,C002,P018,9/27/2025,1,1
T00875,C003,P012,9/28/2025,1,1
T00876,C003,P008,9/29/2025,1,1
T00877,C004,P023,9/30/2025,1,1
T00878,C004,P001,10/1/2025,1,1
T00879,C005,P022,10/2/2025,7,1
T00880,C005,P014,10/3/2025,3,1
T00881,C006,P004,10/4/2025,1,1
T00882,C006,P009,10/5/2025,3,1
T00883,C007,P020,10/6/2025,1,1
T00884,C007,P025,10/7/2025,1,1
T00885,C008,P010,10/8/2025,5,1
T00886,C008,P011,10/9/2025,1,1
T00887,C009,P006,10/10/2025,1,1
T00888,C009,P013,10/11/2025,1,1
T00889,C010,P017,10/12/2025,1,1
T00890,C010,P007,10/13/2025,1,1
T00891,C011,P019,10/14/2025,1,1
T00892,C011,P010,10/15/2025,4,1
T00893,C012,P003,10/16/2025,1,1
T00894,C012,P002,10/17/2025,1,1
T00895,C013,P016,10/18/2025,1,1
T00896,C013,P020,10/19/2025,1,1
T00897,C014,P018,10/20/2025,1,1
T00898,C014,P022,10/21/2025,6,1
T00899,C015,P005,10/22/2025,1,1
T00900,C015,P015,10/23/2025,1,1
T00901,C016,P001,10/24/2025,1,1
T00902,C016,P025,10/25/2025,1,1
T00903,C017,P011,10/26/2025,1,1
T00904,C017,P014,10/27/2025,3,1
T00905,C018,P009,10/28/2025,2,1
T00906,C018,P008,10/29/2025,1,1
T00907,C019,P023,10/30/2025,1,1
T00908,C019,P017,10/31/2025,1,1
T00909,C020,P010,11/1/2025,5,1
T00910,C020,P019,11/2/2025,1,1
T00911,C021,P004,11/3/2025,1,1
T00912,C021,P012,11/4/2025,1,1
T00913,C022,P020,11/5/2025,1,1
T00914,C022,P007,11/6/2025,1,1
T00915,C023,P022,11/7/2025,7,1
T00916,C023,P018,11/8/2025,1,1
T00917,C024,P006,11/9/2025,1,1
T00918,C024,P003,11/10/2025,1,1
T00919,C025,P001,11/11/2025,1,1
T00920,C025,P025,11/12/2025,1,1
T00921,C026,P010,11/13/2025,4,1
T00922,C026,P011,11/14/2025,1,1
T00923,C027,P013,11/15/2025,1,1
T00924,C027,P002,11/16/2025,1,1
T00925,C028,P016,11/17/2025,1,1
T00926,C028,P023,11/18/2025,1,1
T00927,C029,P014,11/19/2025,3,1
T00928,C029,P019,11/20/2025,1,1
T00929,C030,P008,11/21/2025,1,1
T00930,C030,P015,11/22/2025,1,1
T00931,C031,P017,11/23/2025,1,1
T00932,C031,P020,11/24/2025,1,1
T00933,C032,P022,11/25/2025,5,1
T00934,C032,P010,11/26/2025,4,1
T00935,C033,P007,11/27/2025,1,1
T00936,C033,P004,11/28/2025,1,1
T00937,C034,P025,11/29/2025,1,1
T00938,C034,P001,11/30/2025,1,1
T00939,C035,P018,12/1/2025,1,1
T00940,C035,P011,12/2/2025,1,1
T00941,C036,P003,12/3/2025,1,1
T00942,C036,P009,12/4/2025,3,1
T00943,C037,P023,12/5/2025,1,1
T00944,C037,P016,12/6/2025,1,1
T00945,C038,P010,12/7/2025,5,1
T00946,C038,P022,12/8/2025,7,1
T00947,C039,P006,12/9/2025,1,1
T00948,C039,P013,12/10/2025,1,1
T00949,C040,P017,12/11/2025,1,1
T00950,C040,P007,12/12/2025,1,1
T00951,C041,P019,12/13/2025,1,1
T00952,C041,P018,12/14/2025,1,1
T00953,C042,P002,12/15/2025,1,1
T00954,C042,P015,12/16/2025,1,1
T00955,C043,P020,12/17/2025,1,1
T00956,C043,P025,12/18/2025,1,1
T00957,C044,P014,12/19/2025,3,1
T00958,C044,P011,12/20/2025,1,1
T00959,C045,P012,12/21/2025,1,1
T00960,C045,P005,12/22/2025,1,1
T00961,C046,P001,12/23/2025,1,1
T00962,C046,P023,12/24/2025,1,1
T00963,C047,P010,12/25/2025,4,1
T00964,C047,P022,12/26/2025,6,1
T00965,C048,P009,12/27/2025,4,1
T00966,C048,P008,12/28/2025,1,1
T00967,C049,P016,12/29/2025,1,1
T00968,C049,P017,12/30/2025,1,1
T00969,C050,P019,12/31/2025,1,1
T00970,C050,P018,1/1/2026,1,1
T00971,C051,P006,1/2/2026,1,1
T00972,C051,P004,1/3/2026,1,1
T00973,C052,P020,1/4/2026,1,1
T00974,C052,P025,1/5/2026,1,1
T00975,C053,P010,1/6/2026,5,1
T00976,C053,P014,1/7/2026,3,1
T00977,C054,P003,1/8/2026,1,1
T00978,C054,P007,1/9/2026,1,1
T00979,C055,P023,1/10/2026,1,1
T00980,C055,P001,1/11/2026,1,1
T00981,C056,P011,1/12/2026,1,1
T00982,C056,P019,1/13/2026,1,1
T00983,C057,P015,1/14/2026,1,1
T00984,C057,P002,1/15/2026,1,1
T00985,C058,P016,1/16/2026,1,1
T00986,C058,P020,1/17/2026,1,1
T00987,C059,P022,1/18/2026,6,1
T00988,C059,P010,1/19/2026,4,1
T00989,C060,P013,1/20/2026,1,1
T00990,C060,P009,1/21/2026,3,1
T00991,C061,P025,1/22/2026,1,1
T00992,C061,P017,1/23/2026,1,1
T00993,C062,P018,1/24/2026,1,1
T00994,C062,P014,1/25/2026,3,1
T00995,C063,P004,1/26/2026,1,1
T00996,C063,P006,1/27/2026,1,1
T00997,C064,P007,1/28/2026,1,1
T00998,C064,P023,1/29/2026,1,1
T00999,C065,P010,1/30/2026,5,1
T01000,C065,P022,1/31/2026,7,1
T01001,C066,P008,2/1/2026,1,1
T01002,C066,P012,2/2/2026,1,1
T01003,C067,P001,2/3/2026,1,1
T01004,C067,P020,2/4/2026,1,1
T01005,C068,P019,2/5/2026,1,1
T01006,C068,P011,2/6/2026,1,1
T01007,C069,P003,2/7/2026,1,1
T01008,C069,P005,2/8/2026,1,1
T01009,C070,P016,2/9/2026,1,1
T01010,C070,P023,2/10/2026,1,1
T01011,C071,P010,2/11/2026,4,1
T01012,C071,P018,2/12/2026,1,1
T01013,C072,P002,2/13/2026,1,1
T01014,C072,P015,2/14/2026,1,1
T01015,C073,P017,2/15/2026,1,1
T01016,C073,P025,2/16/2026,1,1
T01017,C074,P014,2/17/2026,3,1
T01018,C074,P022,2/18/2026,5,1
T01019,C075,P009,2/19/2026,4,1
T01020,C075,P013,2/20/2026,1,1
T01021,C076,P007,2/21/2026,1,1
T01022,C076,P020,2/22/2026,1,1
T01023,C077,P018,9/6/2025,1,1
T01024,C077,P011,9/7/2025,1,1
T01025,C078,P006,9/8/2025,1,1
T01026,C078,P004,9/9/2025,1,1
T01027,C079,P001,9/10/2025,1,1
T01028,C079,P016,9/11/2025,1,1
T01029,C080,P010,9/12/2025,5,1
T01030,C080,P019,9/13/2025,1,1
T01031,C081,P003,9/14/2025,1,1
T01032,C081,P008,9/15/2025,1,1
T01033,C082,P023,9/16/2025,1,1
T01034,C082,P017,9/17/2025,1,1
T01035,C083,P022,9/18/2025,6,1
T01036,C083,P014,9/19/2025,3,1
T01037,C084,P007,9/20/2025,1,1
T01038,C084,P012,9/21/2025,1,1
T01039,C085,P025,9/22/2025,1,1
T01040,C085,P020,9/23/2025,1,1
T01041,C086,P010,9/24/2025,4,1
T01042,C086,P011,9/25/2025,1,1
T01043,C087,P002,9/26/2025,1,1
T01044,C087,P015,9/27/2025,1,1
T01045,C088,P001,9/28/2025,1,1
T01046,C088,P023,9/29/2025,1,1
T01047,C089,P018,9/30/2025,1,1
T01048,C089,P022,10/1/2025,5,1
T01049,C090,P013,10/2/2025,1,1
T01050,C090,P005,10/3/2025,1,1
T01051,C091,P017,10/4/2025,1,1
T01052,C091,P016,10/5/2025,1,1
T01053,C092,P019,10/6/2025,1,1
T01054,C092,P010,10/7/2025,4,1
T01055,C093,P006,10/8/2025,1,1
T01056,C093,P009,10/9/2025,3,1
T01057,C094,P020,10/10/2025,1,1
T01058,C094,P025,10/11/2025,1,1
T01059,C095,P014,10/12/2025,3,1
T01060,C095,P011,10/13/2025,1,1
T01061,C096,P008,10/14/2025,1,1
T01062,C096,P007,10/15/2025,1,1
T01063,C097,P001,10/16/2025,1,1
T01064,C097,P023,10/17/2025,1,1
T01065,C098,P022,10/18/2025,7,1
T01066,C098,P018,10/19/2025,1,1
T01067,C099,P004,10/20/2025,1,1
T01068,C099,P012,10/21/2025,1,1
T01069,C100,P017,10/22/2025,1,1
T01070,C100,P020,10/23/2025,1,1
T01071,C077,P022,9/8/2025,5,1
T01072,C077,P014,9/9/2025,3,1
T01073,C078,P015,9/10/2025,1,1
T01074,C078,P003,9/11/2025,1,1
T01075,C079,P025,9/12/2025,1,1
T01076,C079,P023,9/13/2025,1,1
T01077,C080,P010,9/14/2025,4,1
T01078,C080,P011,9/15/2025,1,1
T01079,C081,P009,9/16/2025,3,1
T01080,C081,P002,9/17/2025,1,1
T01081,C082,P007,9/18/2025,1,1
T01082,C082,P016,9/19/2025,1,1
T01083,C083,P019,9/20/2025,1,1
T01084,C083,P018,9/21/2025,1,1
T01085,C084,P006,9/22/2025,1,1
T01086,C084,P013,9/23/2025,1,1
T01087,C085,P001,9/24/2025,1,1
T01088,C085,P020,9/25/2025,1,1
T01089,C086,P010,9/26/2025,5,1
T01090,C086,P014,9/27/2025,3,1
T01091,C087,P004,9/28/2025,1,1
T01092,C087,P008,9/29/2025,1,1
T01093,C088,P017,9/30/2025,1,1
T01094,C088,P025,10/1/2025,1,1
T01095,C089,P019,10/2/2025,1,1
